Timestamp,Text,Target
2022-06-19-11-34-14,"o @§] Mail - Key Logger - Outlook X | ING - Particulier ~ ie — im) x
& CG @ Game e

Q. aryptocurreney - Google Search x

cryptocurren

cryptocurrency reddit

cryptocurrency market

cryptocurrency koers

cryptocurrency uitleg

© cryptocurrency simulator >)
cryptocurrency betekenis

Cryptocurrency Prices, Charts And Market Capitalizations | CoinMarketCap - coinmarketcap.com

Wie wil je verzekeren?

Tijdelijk 20% cashback — Tot 0,15% rentekorting Actie Eenvoudig Beleggen

Goedemorgen
Je hebt vandaag vast wel meer te doen.
Daarom willen we dat je snel en eenvoudig vindt wat je zoekt.

14°C = ° fea ENG) Te
= O®# 8 @ e 7 =| AB nm 7% © 06/2022 @

¥ Regen eindigt

",0
2022-06-19-11-34-20,"Mail - Key Logger - Outlook x © arptocurrency - Google Zoeken X +

ic) ‘www.google.com
sey

cryptocurrency x § Q

Meer resultaten van coinmarketcap.com »

Mensen vragen ook

How does a cryptocurrency work? v
What is cryptocurrency for a beginner? v
Is it wise to invest in cryptocurrency? v
What are the 4 types of cryptocurrency? v
Feedback

https://www.cryptouniversity.nl » cryptocurrency +

Wat zijn cryptocurrency? - Crypto University
De meest bekende cryptocoins die we vandaag de dag kennen zijn Bitcoin (BTC), Ethereum
(ETH), Litecoin (LTC), Ripple (XRP), Monero (XMR) en Stellar Lummens (XLM) ...

https://www.crypto-insiders.nl » Academy +

Wat zijn Cryptocurrencies? - Crypto Insiders
Cryptocurrencies en het begrip decentralisatie ... Een belangrijke eigenschap van
cryptocurrencies is dat ze online worden gehouden door een gedecentraliseerd ...

https://en.wikipedia.org » wiki» Cr... + Vertaal deze pagina
Cryptocurrency - Wikipedia

Acryptocurrency is a tradable digital asset or digital form of money, built on blockchain
at only exists online. Cryptocurrencies use encryption ...

Cryptovaluta <
(Cryptocurrency)

Cryptogeld is waarde in de vorm van een bedrag in
een cryptovaluta, of — met een Engels woord —
cryptocurrency. Dit laatste is een soort digitale
munteenheid, die vaak gebruikt wordt als alternatief
geldsysteem voor de reguliere geldsoorten. 's
Werelds bekendste cryptovaluta is de bitcoin.
Wikipedia

Feedback

11:34
19/06/2022 @

",0
2022-06-19-11-34-22,"Mail - Key Logger - Outlook x © arptocurrency - Google Zoeken X +

ic) ‘www.google.com
sey

oa] cryptocurrency x FQ 8

Q Alle Nieuws ) Afbeeldingen [5] Video's + @ Shopping Meer Tools

Ongeveer 538.000.000 resultaten (0,50 seconden)

https://coinmarketcap.com > ... ¥ Looking for results in English? x

Koersen, grafieken en marktkapitalisaties van cryptovaluta

De huidige cryptocurrency-prijzen per marktkapitalisatie. De wereldwijde marktkapitalisatie van
cryptocurrency is €753.21B, een afname van 11.85% ten ...

Change to English

Nederlands blijven gebruiken

Taalinstellingen

Alle cryptovaluta's
Alle cryptovaluta's ; 1. Bitcoin BTCBitcoin ; 2. Ethereum ...

Meer resultaten van coinmarketcap.com »

Mensen vragen ook Cryptovaluta <
(Cryptocurrency)
How does a cryptocurrency work? v
Cryptogeld is waarde in de vorm van een bedrag in
What is cryptocurrency for a beginner? v een cryptovaluta, of — met een Engels woord —
cryptocurrency. Dit laatste is een soort digitale
Is it wise to invest in cryptocurrency? v munteenheid, die vaak gebruikt wordt als alternatief
geldsysteem voor de reguliere geldsoorten. 's
What are the 4 types of cryptocurrency? v Werelds bekendste cryptovaluta is de bitcoin.
Feedback Wikipedia
Feedback

https://www.cryptouniversity.nl » cryptocurrency +

11:34
19/06/2022 @

",0
2022-06-19-11-34-28,"Mail - Key Logger - Outlook x (@ Koersen, grafieken en marktkapi) x +

CG aA (a) ‘coinmarketcap.com,

Cryptovaluta's: 19,929 Beurzen: 528 Marktkapitalisatie: $836,211,954,735.142 Vol. 24u: $84,873,032,518.28 + Dominantie: BTC: 43.0% ETH: 14.3% [@) ETH Gas: 13 Gwei v Nederlands ¥ Q@eEURY ©
FR pm ° ity ® i i .
@ CoinMarketCap Cryptovaluta's® Beurzen NFT  Gravity® Portfolio | Watchlist Producten Leren WB  inloggen
—— ea ———_ ~
Girt Caro y
; I,
'S
j N j
Crypto Deep Dive Gravity Spotlight Crypto Espresso What is TRON? Free Airdrop!
What is Tokenomics? Gift Cards for Donation DOGE Founder Slams Man Suing Musk Learn About ""TRON"" & Earn $TRX! Join the ""Caduce
De huidige cryptocurrency-prijzen per marktkapitalisatie Hightgnts @)
De wereldwijde marktkapitalisatie van cryptocurrency is €796.70B, een afname van ten opzichte van de afgelopen dag. Lees verder
Trending More > (~] Biggest Gainers More > © Recently Added More >

1 Ethereum ETH 1 @ Idea Chain Coin ICH 2 4726.01% 1 @ COUuTIONLIVE CTL €0.2338

2 @ Terra Classic LUNC 2 © Aluna.Social ALN @ 242.40% 2 © F5Sleep F5s €0.03176

3 © uspD uspD 3 R REVIVAL RVL 4 197.09% 3 xeDOT XCDOT €6.74

We gebruiken cookies om je een betere ervaring te kunnen bieden, om websiteverkeer te kunnen analyseren, content aan te kunnen passen en gericht te kunnen adverteren. Lees ons om alles te weten te komen over ons cookiegebruik en hoe jij cookies kunt
x

beheren. Als je doorgaat met het gebruik van deze site, stem je in met ons gebruik van cookies.

14°C 11:34
se) a «@ 19/06/2022 @

Regen eindigt

",0
2022-06-19-11-34-34,"Mail - Key Logger - Outlook Cryptocurrency Prices, Charts An x +

x A 6 ‘coinmarketcap.com

Cryptovaluta's: 19,929 Beurzen: 528 Marktkapitalisatie: $836,211,954,735.142 Vol. 24u: $84,873,032,518.28 + Dominantie: BTC: 43.0% ETH: 14.3% [@) ETH Gas: 13 Gwei v Nederlandsly¥ @EURY ©
FR pm ° ity ® i i .
@ CoinMarketCap Cryptovaluta's® Beurzen NFT  Gravity® Portfolio | Watchlist Producten Leren WB  inloggen
—— ea ———_ ~
Girt Caro y
; I,
'S
j N j
Crypto Deep Dive Gravity Spotlight Crypto Espresso What is TRON? Free Airdrop!
What is Tokenomics? Gift Cards for Donation DOGE Founder Slams Man Suing Musk Learn About ""TRON"" & Earn $TRX! Join the ""Caduce
De huidige cryptocurrency-prijzen per marktkapitalisatie Hightgnts @)
De wereldwijde marktkapitalisatie van cryptocurrency is €796.70B, een afname van ten opzichte van de afgelopen dag. Lees verder
Trending More > (~] Biggest Gainers More > © Recently Added More >

1 Ethereum ETH 1 @ Idea Chain Coin ICH 2 4726.01% 1 @ COUuTIONLIVE CTL €0.2338

2 @ Terra Classic LUNC 2 © Aluna.Social ALN @ 242.40% 2 © F5Sleep F5s €0.03176

3 © uspD uspD 3 R REVIVAL RVL 4 197.09% 3 xeDOT XCDOT €6.74

We gebruiken cookies om je een betere ervaring te kunnen bieden, om websiteverkeer te kunnen analyseren, content aan te kunnen passen en gericht te kunnen adverteren. Lees ons om alles te weten te komen over ons cookiegebruik en hoe jij cookies kunt
x

beheren. Als ie dooraaat met het aebruik van deze site, stem je in met ons aebruik van cookies.

14°C 11:34
se) a «@ 19/06/2022 @

Regen eindigt

",0
2022-06-19-11-34-38,"(0 | 8 Mail - Key Logger - Outlook x @ cayptocurrency Prices, ChartsAn X = +

€ GA ®@ _ https://coinmarketcap.com
Cryptos: Exchanges: Market Cap: 24h Vol: Dominance: ® ETH Gas: English» @usp~ C
oo
@ CoinMarketCap Cryptocurrencies Exchanges NFT Gravity Portfolio Watchlist Products Learn B Login

Gieraro Log In

> New to CoinMarketCap?
WwW The more you give
the more you gift

OS

Email Address

. ’
Crypto Deep Dive Gravity Spotlight at is TRON? Free Airdrop!
What is Tokenomics? Gift Cards for Donat arn About ""TRON"" & Earn $TRX! Join the ""Caduceu
Password
Today's Cryptocurrency Prices by Ma Highlights
The global crypto market cap is $836.21B, a v 0.37% decrease 0
o Trending © Recently Added
1 4 Ethereum ETH y 0.68% 1 @ COUTIONLIVE cTL $0.2454
OR
2 @ TerraClassic LUNC y 013% 2 © F5Sleep F5s $0.03333
3 © uspp uspD y 114% -$ Continue with Binance 3 @ xcDOT XcDOT $7.08

We use cookies to offer you a better browsing experience, analyze site traffic, personalize content, and serve targeted advertisements. Read about how we use cookies and how you can control them on our Privacy Policy. If you continue to use this site, you

consent to our use of cookies.

4 of @ 9 e I m ia 4 S a és pane (2)

Regen eindigt
",1
2022-06-19-11-34-45,"(0 | SB Mail - Key Logger - Outlook x @ cayptocurrency Prices, ChartsAn X = +

€ GA ®@ _ https://coinmarketcap.com
Cryptos: Exchanges: Market Cap: 24h Vol: Dominance: ) ETH Gas English» @usp~ ©
@ CoinMarketCap Cryptocurrencies Exchanges NFT  Gravity® Portfolio | Watchlist © Products® Learn BD Login
—— vee '

Gieraro Log In

> New to CoinMarketCap?
WwW The more you give
the more you gift

OS

Email Address

. ’
Crypto Deep Dive Gravity Spotlight at is TRON? Free Airdrop!
What is Tokenomics? Gift Cards for Donat arn About ""TRON"" & Earn $TRX! Join the ""Caduceu
Password
Today's Cryptocurrency Prices by Ma Highlights
The global crypto market cap is $836.21B, a v 0.37% decrease 0
o Trending © Recently Added
1 4 Ethereum ETH y 0.68% 1 @ COUTIONLIVE cTL $0.2454
OR
2 @ TerraClassic LUNC y 013% 2 © F5Sleep F5s $0.03333
3 © uspp uspD y 114% -$ Continue with Binance 3 @ xcDOT XcDOT $7.08

We use cookies to offer you a better browsing experience, analyze site traffic, personalize content, and serve targeted advertisements. Read about how we use cookies and how you can control them on our Privacy Policy. If you continue to use this site, you

consent to our use of cookies.

4 of @ 9 e I m ia 4 S a és pane (2)

Regen eindigt
",1
2022-06-19-11-34-52,"(0 | 8 Mail - Key Logger - Outlook x @ cayptocurrency Prices, ChartsAn X = +

€ GA ®@ _ https://coinmarketcap.com
Cryptos: Exchanges: Market Cap: 24h Vol: Dominance: ) ETH Gas English» @usp~ ©
@ CoinMarketCap  Cryptocurrencies Exchanges NFT  Gravity® Portfolio | Watchlist Products® Learn BD Login
—— vee '

Gieraro Log In

> New to CoinMarketCap?
WwW The more you give
the more you gift

OS

Email Address

. ’
Crypto Deep Dive Gravity Spotlight iii@outlook.com at is TRON? Free Airdrop!
What is Tokenomics? Gift Cards for Donat arn About ""TRON"" & Earn $TRX! Join the ""Caduceu
Password
Today's Cryptocurrency Prices by Ma Highlights
The global crypto market cap is $836.21B, a v 0.37% decrease 0
o Trending © Recently Added
1 4 Ethereum ETH y 0.68% 1 @ COUTIONLIVE cTL $0.2454
OR
2 @ TerraClassic LUNC y 013% 2 © F5Sleep F5s $0.03333
3 © uspp uspD y 114% a. i ith Bi 3 xeDOT XCDOT $7.08
6 “> Continue with Binance ®

We use cookies to offer you a better browsing experience, analyze site traffic, personalize content, and serve targeted advertisements. Read about how we use cookies and how you can control them on our Privacy Policy. If you continue to use this site, you

consent to our use of cookies.

4 of @ 9 e I m ia 4 S a és pane (2)

Regen eindigt
",1
2022-06-19-11-34-54,"(0 | 8 Mail - Key Logger - Outlook x

@ Cayptocurrency Prices, ChartsAr X = +

€ GA ®@ _ https://coinmarketcap.com
Cryptos: Exchanges: Market Cap: 24h Vol: Dominance: ® ETH Gas:
oo
@ CoinMarketCap Cryptocurrencies Exchanges NFT Gravity Portfolio Watchlist Products Learn B Login
GIFT CARD. Log In
WHATIS > New to CoinMarketCap?
WwW The more you give
the more you gift
Email Address
. ’
Crypto Deep Dive Gravity Spotlight ili@outiook.com at is TRON?
What is Tokenomics? Gift Cards for Donat arn About ""TRON"" & Earn $TRX!
Password
9 =
Today's Cryptocurrency Prices by Ma a
The global crypto market cap is $836.21B, a v 0.37% decrease 0\
o Trending © Recently Added
1 4 Ethereum ETH y 0.68% @® COourION Live CTL
OR
2 @ Terra Classic LUNC y 013% 2 © F5Sleep F5s
3 © uspp uspD y 114% a. i ith Bi 3 xeDOT XCDOT
6 “> Continue with Binance ®

We use cookies to offer you a better browsing experience, analyze site traffic, personalize content, and serve targeted advertisements. Read about how we use cookies and how you can control them on our Privacy Pol

consent to our use of cookies.

14 9 # @@

Regen eindigt

exp

a |

English» © usp~ C

Free Airdrop!
Join the ""Caduceu

Highlights

$0.2454
$0.03333

$7.08

xy. If you continue to use this site, you

11:34
19/06/2022 @
",1
2022-06-19-11-34-59,"(0 | 8 Mail - Key Logger - Outlook x

@ Cayptocurrency Prices, ChartsAr X = +

€ GA ®@ _ https://coinmarketcap.com
Cryptos: Exchanges: Market Cap: 24h Vol: Dominance: ® ETH Gas:
oo
@ CoinMarketCap Cryptocurrencies Exchanges NFT Gravity Portfolio Watchlist Products Learn B Login
GIFT CARD. Log In
WHATIS > New to CoinMarketCap?
WwW The more you give
the more you gift
Email Address
. ’
Crypto Deep Dive Gravity Spotlight ili@outiook.com at is TRON?
What is Tokenomics? Gift Cards for Donat arn About ""TRON"" & Earn $TRX!
Password
9 =
Today's Cryptocurrency Prices by Ma a
The global crypto market cap is $836.21B, a v 0.37% decrease 0\
o Trending © Recently Added
1 4 Ethereum ETH y 0.68% @® COourION Live CTL
OR
2 @ Terra Classic LUNC y 013% 2 © F5Sleep F5s
3 © uspp uspD y 114% a. i ith Bi 3 xeDOT XCDOT
6 “> Continue with Binance ®

We use cookies to offer you a better browsing experience, analyze site traffic, personalize content, and serve targeted advertisements. Read about how we use cookies and how you can control them on our Privacy Pol

consent to our use of cookies.

14 9 # @@

Regen eindigt

exp

a |

English» © usp~ C

Free Airdrop!
Join the ""Caduceu

Highlights

$0.2454
$0.03333

$7.08

xy. If you continue to use this site, you

11:34
19/06/2022
",1
2022-06-19-11-35-00,"(0 | 8 Mail - Key Logger - Outlook x

@ Cayptocurrency Prices, ChartsAr X = +

€ GA ®@ _ https://coinmarketcap.com
Cryptos: Exchanges: Market Cap: 24h Vol: Dominance: ® ETH Gas:
oo
@ CoinMarketCap Cryptocurrencies Exchanges NFT Gravity Portfolio Watchlist Products Learn B Login
GIFT CARD. Log In
WHATIS > New to CoinMarketCap?
WwW The more you give
the more you gift
Email Address
. ’
Crypto Deep Dive Gravity Spotlight ili@outiook.com at is TRON?
What is Tokenomics? Gift Cards for Donat arn About ""TRON"" & Earn $TRX!
Password
9 =
Today's Cryptocurrency Prices by Ma a
The global crypto market cap is $836.21B, a v 0.37% decrease 0\
o Trending © Recently Added
1 4 Ethereum ETH y 0.68% @® COourION Live CTL
OR
2 @ Terra Classic LUNC y 013% 2 © F5Sleep F5s
3 © uspp uspD y 114% a. i ith Bi 3 xeDOT XCDOT
6 “> Continue with Binance ®

We use cookies to offer you a better browsing experience, analyze site traffic, personalize content, and serve targeted advertisements. Read about how we use cookies and how you can control them on our Privacy Pol

consent to our use of cookies.

14 9 # @@

Regen eindigt

exp

a |

English» © usp~ C

Free Airdrop!
Join the ""Caduceu

Highlights

$0.2454
$0.03333

$7.08

xy. If you continue to use this site, you

11:34
19/06/2022 @
",1
2022-06-19-11-35-07,"9] Mail - Key Logger - Outlook

Outlook [Meet Now
3S = @ New message W Delete Archive @ Junky << Sweep [6 Movetoy © Categorize» © Snooze v Undo +++
Your browser supports setting Outlook.com as the default email handler... Try it now Ask again later Don't show again x
88 \ Favorites © Focused Other = Filter Key Logger Vv
& Inbox 269 keyloggingpro@outlook.com 2
2 O > Key Logger 11:35 AM 6 keyloggingpro@outlook.com a © 2
‘eylogging data fo: You Sun 6/19/2022 11:35 AM
Sent Items Keylogging dat To: Yo
v
? Drafts 1
a
Add favorit
avers x) keyloggingpro@outlook.com 2
Dc] \ Folders > Key Logger 11:34 AM
Keylogging data
PY @ Inbox 269
= Keylogging data
4 eed
3 € Junk Email
2 keyloggingpro@outlookcom S Reply Forward
D Drafts 1 > Key Logger 11:34 AM
Keylogging data
© Sent Items

keyloggingpro@outlook.com 2
tx) > Key Logger 11:34 AM

Keylogging data

W Deleted Items
& archive

D Not eo keyloggingpro@outlook.com 2
lotes

> Key Logger 11:34 AM
Keylogging data

® Upgrade to Microsoft
365 with premium
Outlook features eee

Been

11:35

© 9/06/2022

",1
2022-06-19-11-35-09,"9] Mail - Key Logger - Outlook x — @ Cryptocurrency Prices, Charts An X

GA GO h /outlook.live.com/mail/0/ink

Outlook

2022-06-19-11-34-54.png_ L Download 7 Fullscreen Print > Save to OneDrive

Mall-Key Logger-Outock x @ Ciyptocurency Prices Chants A x.
coinmarketcap.com

‘Crypts: 19828 Exchanges: 528 Market Cap: $896,21,954735:142 24h Vot $84873,032,51828 Dominance: BTC:430%ETH: 14.3% §ETHG2s: 13 Gvel v

@ coinMigrketCap cryptocurencies® Exchanges NFT Gravity Perfo. Watehiist__ Products —Leam

Login
WHATIS #G u
Email Adress

Crypto Deep Dive Ss ll@outook.com
‘What is Tokenomics? Gift Cards for Donat

Today's Cryptocurrency Prices by Ma

‘The global crypto market cap is $836.21B, a decrease 01

=
;

4% exereum £11

od

© Terra cassie LuNC

© Us00 Usvo Continue with Binance

tun About ""TRON"" & Earn $TRX!

© Recently Added
1 @ courionuve cn.
2 © Fssteep £55

3 @ xepor xcpor

English Qusoe ©

Free Ardropt
Join the ""Caduceus

Hionionts @D

GD Hide email

Key Logger

keyloggingpro@outlook.com ©
To: You

Keylogging data

© Reply > Forward

o

im

Qi

11:35
19/06/2022

",1
2022-06-19-11-35-15,"(0 | SB Mail - Key Logger - Outlook x | @ cryptocurrency Prices, ChartsAn x =) New tab cn — im) x
G alal

fyi MyTU/e-myday ["") IMS Services/Student [) BecomeaTU/estu... JJ TUeSoftware [} Student Statute [MJ TU/e Education Gui... (4) TUeLibrary [MJ TUe Videocolleges {MJ Eindhoven Universit...

Bij Microsoft staat jouw privacy voorop Wij en onze partners verwerken gegevens voor de volgende doeleinden

en. U kunt ‘Ik

14°C

t ca ENG ~~ 11:35
\) Resemetets: “A e = o) © @

INTL 19/06/2022

",0
2022-06-19-11-35-17,"(0 | SB Mail - Key Logger - Outlook x | @ cryptocurrency Prices, ChartsAn x =) New tab cn — im) x
Ga -

M1 MyTU/e-myday (4 IMS} - Nike. Just Do It. Nike NL - nike.nl >< S Solution Manual”... >

Q nike. - Google Search
Q._nike.com kortingscode
Q.nike.com nl
Q.nike.com retour
Q.nike.com usa

Q. nike.com levertijd
Q.nikeair

~ Nike. Just Do It. Nike NL - nike.com/nl/en/

Bij Microsoft staat jouw privacy voorop

xe

ca ENG ~ 11:35
\) Resemetets: “A e = o) © @

INTL 19/06/2022

",0
2022-06-19-11-35-23,"Mail - Key Logger - Outlook X © Nike. Just Do It. Nike NL

SG A @& htps//wwnike.com/ni/en

Your Cookie Settings

“

Nike asks

social media and advertising purposes. Social media

you to accept cookies for performance.

z

and advertising cookies of third parties are used to
offer you social media functionalities and personalised
ads. To get more information or amend your
preferences, click the ‘More Information’ button or visit
‘Cookie Settings’ at the bottom of the website. To get

<LWOD

%
a

more information about these cookies and the
processing of your personal data, check our |Privacy 8

(Cookie Policy} Do you accept these cookies and the

processing of personal data involved?

You can always ch i ‘Cooki —_—

ettings' at the bottom of Privacy & Cookie

e 14°C 1135 @y
Regen eindigt 19/06/2022

",0
2022-06-19-11-35-26,"(D | i Mail - Key Logger - Outlook Nike. Just Do It. Nike NL

A (a) Awww.nike.com

Nike Zoom X Invincible Run Flyknit 2 €179.99 Nike ZoomxX Invincible Run Flyknit 2 €179.99 Nike ZoomX Invincible Run Flyknit 2 €179.99 Nike
Men's Road Running Shoes Women's Road Running Shoes Women's Road Running Shoes Won

Festival-Ready

11:3!
19/06/2022 @
",0
2022-06-19-11-35-39,"Mail - Key Logger - Outlook x DB _https//www.nike.com/ni/enfche X = +

Ga 4.6 www.nike.com,

wo New Releases Men Women Kids Sale Collections Q ly) 0

STUDENTS NOW GET 10% OFF Learn more

Nike ZoomX Invincible Run
Flyknit 2

Men's Road Running Shoes

€179.99

Select Size Size Guide
EU 40 EU 40.5 EU 41
EU 42 EU 42.5 EU 43
EU 44 EU 44.5 EU 45
EU 45.5 EU 46 EU 47

11:35
19/06/2022 @

avo

",0
2022-06-19-11-35-50,"Mail - Key Logger - Outlook www.nike.com/ni/en/che X +

Ga 4.6 www.nike.com,

First Name | | Last Name Arrives by Tue, 21 Jun

Nike ZoomxX Invincible Run
dis —Fiyknit 2 Men's Road Runnin.
Q Start typing the first line of your address — Shoes 9

Style #: DH5425-600
Size: 48.5

Colour: Siren Red/Team
Red/Green Strike/Black
ty: 1 @ €179.99
€179.99

Enter address manually

Email* | | Phone Number*

Save & Continue

Payment

Order Review

11:35
19/06/2022 @

avo

",2
2022-06-19-11-35-51,"Mail - Key Logger - Outlook https:

Ga 4.6 www.nike.com,

Delivery Options

e Prokup

First Name | | Last Name

Q Start typing the first line of your address

Enter address manually

Email* | | Phone Number*

Save & Continue

Payment

In Your Bag eit
Subtotal @ €179.99
Estimated delivery €0.00
Total €179.99

Arrives by Tue, 21 Jun

Nike ZoomxX Invincible Run
<a Flyknit 2 Men's Road Running
a Shoes

Style #: DH5425-600
Size: 48.5

Colour: Siren Red/Team
Red/Green Strike/Black
ty: 1 @ €179.99
€179.99

",2
2022-06-19-11-35-56,"Mail - Key Logger - Outlook

Ga|a

Delivery Options

e Prokup

First Name | | Last Name

Q Start typing the first line of your address

Enter address manually

Email* | | Phone Number*

Payment

Save & Continue

In Your Bag eit
Subtotal @ €179.99
Estimated delivery €0.00
Total €179.99

Arrives by Tue, 21 Jun

Nike ZoomxX Invincible Run
<a Flyknit 2 Men's Road Running
a Shoes

Style #: DH5425-600
Size: 48.5

Colour: Siren Red/Team
Red/Green Strike/Black
ty: 1 @ €179.99
€179.99

",2
2022-06-19-11-36-03,"Mail - Key Logger - Outlook x @ Contemporary, Mid Century &). x = +

Ga 4.6 wwwarticle.com

© | Help Center +1-888-746-3455, Article for Trade | Design Resources

A RTIC LE Sofas Chairs Tables Bedroom Storage Outdoor Decor New Bundles Rooms Sale

The best way to buy beautiful

r= ENG
(Su

11:36

~
FD O ron6r022 O
",0
2022-06-19-11-36-07,"Mail - Key Logger - Outlook Mid Century & Modern Sofas+ Xx = +

x A (a) www.article.com
© | HelpCenter | +1-888-746-3455 | Article for Trade | Design Resources
A R T | Cc L E e Sofas Chairs Tables Bedroom Storage Outdoor Decor New Bundles Rooms Sale AlOIB

Home > All Sofas

ALL SOFAS Sort by: Popularity v

Availability

O _InStock
Product

©. Bench
O. Daybed
© Modular
©. Ottoman
O Sectional
OO. Sofa

© Sofa Bed
Color

@ Black

@ Blue

Timber Charme Tan Sofa Cilo Ivory Bouclé Ottoman Sven Charme Tan Sofa

$1999 $149 $2099

©eeee @

11:36
19/06/2022 @
",0
2022-06-19-11-36-09,"Charme Tan Timber Leather Hon X

Mail - Key Logger - Outlook

a) GO h www.article.com/p

| Design Resources

© | Help Center 1-888-746-3455, Article for Trade

Sofas Chairs Tables Bedroom Storage Out

TIMBER _ Overview Details Re
Material: Leather

@
a FABRIC

Color: Charme Tan

8

#0

11:36
19/06/2022 @

",1
2022-06-19-11-36-35,"(0 | 8 Mail - Key Logger - Outlook

€ Ga

Help Center

ARTICL

x @® Checkout | Article

Q essay

essay - G

essay structure
essay schrijven
essay voorbeeld
essay writer
essay betekenis

Short_Essay_Group34 - Online LaTeX Editor Overleaf - overleaf.com/project/62863b6abee16d5867c9fb16

Essay Group34 - Online LaTeX Editor Overleaf - overleaf.com/project/62a5dfabec95b15555ff7e93

(Final) Essay: 21C60 (2021-4) Computer networks and security - canvas.tue.nl/courses/18910/pages/final-essay

Subtotal $1999
Shipping FREE
Tax (Sales) $189.91
SHIPPING ADDRESS
TOTAL $2188.91
FIRST NAME LAST NAME
As Low as $193/month. Learn More
ADDRESS

APARTMENT / UNIT / SUITE (OPTIONAL)

COUNTRY

STATE

United States v_ | California v

11:36

© 19/06/2022

",2
2022-06-19-11-36-43,"Mail - Key Logger - Outlook Xm Climate Change Essay |500+ We x

Ga 4.6 www.playosmo.com,

Keep Learning.
Keep Growing.

ShopNow

Kids Learning ¥ MathForKids ¥ Worksheets for Kids ¥ WordsForKids ¥ _LiteracyGames ¥ Coloring Pages for Kids ¥ Holiday Activities for Kids ¥

Sign up for our newsletter!

» » Climate Change Essay
Stay up-to-date with Osmo and
also receive special deals and
offers!

500+ Words Essay on Climate Change

Climate change is the shift of weather patterns and conditions. We are experiencing
rapid change in the climate due to various factors. Needless to say, our earth is

experiencing rising global temperatures. Do you think it is a matter of concern? Well
yes, you might have heard about the melting glaciers which is resulting in rising sea
levels. There has been a drastic change in the climate due to hazardous factors such
as pollution, burning coals, industrial waste disposal in the air, etc. All this will result

Explore Other Essays
in affecting the environment and its resources. To overcome the issue of climate

change, you need to bring social awareness along with stringent measures to

",0
2022-06-19-11-36-50,"Mail - Key Logger - Outlook X mg Climate Change Essay|500+ We x +

Ga 4.6 www.playosmo.com,

Kids Learning ¥ MathForKids ¥ Worksheets for Kids ¥  WordsForKids ¥ _LiteracyGames ¥ Coloring Pages for Kids ¥ Holiday Activities for Kids ¥
- = - EApIUre Vurer Essays
in affecting the environment and its resources. To overcome the issue of climate

change, you need to bring social awareness along with stringent measures to
protect and preserve the environment. In this climate change essay, we are going to
discuss the factors and how to prevent climate change.

What is Climate Change?

Climate change is the change in the average weather conditions. We can say that
climate change is responsible for change in the normal climatic conditions. These
changes result in heavy storms, heat waves, floods, melting glaciers, etc. Our earth
is going through a lot of changes with respect to climate, which is impacting the
livelihood of people and other living things. Global warming is one aspect of climate
change. Due to these factors, carbon dioxide and greenhouse gases are released in
the atmosphere. Check out the following causes of climate change given below.

Climate Change Factors Essay

Nowadays, we experience extreme weather conditions whether it is cold, heat or
rain. Some of the forces or factors that contribute to climate change are
greenhouse gas emission, burning of coal, deforestation, air pollution, industrial
gas, etc. These factors lead to major climatic change in the earth. Did you know that

climate change leads to disastrous events? Yes, it affects the livelihood, health and +

",0
2022-06-19-11-37-05,"| @b Mail-KeyLogger-Qutlook x £, covid 19 cases - Google Zoeken x = ++ - a x
>

Oo
< X A | @ hitps//Aww.google.com/search?q=covid+ 19+ casesBioq=covid+ 19+ cases8aqs=edge..69157)0151218.2902)0}48&sourceid=chrome&ie=UTF-8 Ss £ © @Q@ -

Gygle covid 19 cases x |b Q

Waiting for I.clarity.ms...

a ee a AGM #4 © ype, ©

i 14°C
Regen eindigt
",0
2022-06-19-11-37-08,"Oo
<

8 Mail - Key Logger - Outlook x |e

> xX A

Gyligle

‘

14°C
Regen eindigt

covid 19 cases - Google Zoeken X ++

@_hitps:/Awww.google.com/search?q=covid+19+cases80q=covid+ 19+ cases&aqs=edge..6915 7j0i5 1218,2902j0}4&sourceid=chrome&ie=UTF-8 AY ab

covid 19 cases

Q Alle Nieuws 4) Afbeeldingen << Shopping 0] Video's: Meer

Ongeveer 1.720.000.000 resultaten (0,60 seconden)

® COVID-19 >

VAX=\-4v-We (ole) ml a\=1m exe) ke) at=\V/ 100i (XO) | Diat kD mE

Tip: Alleen in het Nederlands zoeken. Je kunt je Zoektaal instellen in de Voorkeuren
Statistieken

~ Nieuwe ziekte- en sterfgevallen
Van JHU CSSE COVID-19 Data - Laatst geipdatet: 1 dag geleden

Tools

Nieuwe gevalien y ) ( fim Nederland + Noord-Brabant ~ ) ( Altijd

48 jun. 2022

25.000-
Nieuwe gevallen: 0
Gem. over 7 dagen: 299

20.000-

15.000-

10.000-

5.000-

oO

20 okt. 29 jan. 10 mei 19 aug. 28 nov. 9 mrt.

Looking for results in English?
Change to English

Nederlands blijven gebruiken
Testen
Taalinstellingen

6 COVID-19-vaccin
§ Updates en lokale informatie bekijken

Kaart met besmettingen (afgelopen 14
dagen)

Van JHU CSSE COVID-19 Data en andere

Amsterdam Zwolle
Lo}

Den Haag Nederland

Arnhem,
Rotterdam S

Essen

Eindhoven... )
. )

ar _ Diigseldorfo

x

1137
19/06/2022
",0
2022-06-19-11-37-12,"‘

14°C
Regen eindigt

Mail - Key Logger - Outlook

Ga

@_hitps:/Awww.google.com/search?q=covid+19+cases80q=covid+ 19+ cases&aqs=edge..6915 7j0i5 1218,2902j0}4&sourceid=chrome&ie=UTF-8

Statistics

~ New cases and deaths
From JHU CSSE COVID-19 Data - Last updated: 1 day ago

New cases > ) ( fim Netheriands +

© covid 19 cases - Google Search

North Brabant

db

Alltime ¥

27 Apr 2022
New cases: 161
7-day avg: 204

20 Oct 29 Jan 40 May

@ New cases — 7-day average

Each day shows new cases reported since the previous day

® Cases

From JHU CSSE COVID-19 Data - Last updated: 1 day ago

Total y ) ( fim Netherlands ~
Cases Deaths
8,12M 22.343
Location

19 Aug 28 Nov 9 Mar 48 Jun

About this data Feedback

Casesv Deaths

omu@e CXME

6 COVID-19 vaccine
See updates and local info

Map of cases (last 14 days)

From JHU CSSE COVID-19 Data and others

Amsterdam
}

The Hagr~ Mathaorlands
° @ North Brabant

3
Rottel

Cases overview

From Our World in Data and JHU CSSE COVID-19 Data - Last
updated: 1 day ago

North Brabant

Total cases

1,24M

fs] Netheriands

@@668 Ag

1137
19/06/2022
",0
2022-06-19-11-37-24,"1 | 8b Mail - Key Logger - Outlook x

© covid 19 cases - Google Search X +

€ > G B BG hitps//www.google.com/search?q=covid 19+ cases8ioq=covid+ 19+ casesBlaqs=edge..69i57)0i51218.2902j0}48:sourceid=chrome@lie=UTF-8 AY
Gygle covid 19 cases x § Q
Utrecht 668k 1.539 Feedback

+"" shows new cases reported yesterday - About this data Feedback

v View more

Top results

https://coronadashboard.government.nl >...» Eindhoven?

Confirmed cases in Eindhoven - Coronavirus Dashboard
Eindhoven has 235,691 inhabitants. This number shows how many people, on average, have
been reported to have tested positive for the corona virus over the past ...

https://coronadashboard.government.nl  ?

Coronavirus Dashboard | COVID-19 | Government.nl

Topics on this dashboard - Confirmed cases - Reproduction number - Deaths - Coronavirus
variants - Contact tracing GGDs.

Confirmed cases - Vaccines - National - Hospital admissions

https:/Awww.worldometers.info » coronavirus

COVID Live - Coronavirus Statistics - Worldometer

Country, Other Total; Cases New; Cases Total; Deaths New; Deaths Total; Recovered N...
World 544,115,272 +130,352 6,340,487 +379 519,335,074 +2...
Europe 200,002,059 +3,382 1,850,137 +65 191,408,571 47...
Asia 159,774,037 +91,854 1,436,670 +228 153,954,272 +1...
View 243 more rows

https://coronadashboard.government.nl

i

14°C
Regen eindigt

Coronavirus disease (COVID-19) is an infectious
disease caused by the SARS-CoV-2 virus.

Most people who fall sick with COVID-19 will
experience mild to moderate symptoms and recover
without special treatment. However, some will
become seriously ill and require medical attention.

HOW IT SPREADS

The virus can spread from an infected person’s mouth
or nose in small liquid particles when they cough,
sneeze, speak, sing or breathe. These particles range
from larger respiratory droplets to smaller aerosols.

You can be infected by breathing in the virus if you
are near someone who has COVID-19, or by touching
a contaminated surface and then your eyes, nose or
mouth. The virus spreads more easily indoors and in
crowded settings.

© _Leam more on who int

For informational purposes only. Consult your local medical
authority for advice.
Feedback

of G8e CrmMEHOO@E AB im

1137
19/06/2022

",0
2022-06-19-11-37-25,"Mail - Key Logger - Outlook x [3 Coronavirus Dashboard | COVID. x = +

ic) ‘coronadashboard.government.nI

NL | EN

Coronavirus Dashboard

Current situation in the Netherlands

Last update: 17 June

View the current situation in a municipality or safety region

Q _ Search for a municipality of safety region

tt All data and topics on this dashboard v

FEATURED +

11:37
INTL 19/06/2022

ING = w) ©

",0
2022-06-19-11-37-27,"Mail - Key Logger - Outlook X #8 Coronavirus Dashboard |COVID. x = +

Ga 64

coronadashboard.government.nl

Current situation in the Netherlands

Last update: the day before yesterday (17 June)

¥ Intensive care admissions (average) 3 | & ICU admissions
~ 10
Hospital admissions (average) 40
we Virus particles in wastewater 759

@mm Vaccination coverage 83.2%

Data for the Netherlands, safety regions or municipalities >

ICU admissions

— Average number over seven days

Data for recent days is incomplete due to reporting delays

View the current situation in a municipality or safety region

Q Search for a municipality of safety region

The average number of ICU admissions between 7
June and 13 June was 3. This is a rounded number.
The most recent days are not included in the
average, because the figures for these days are not
yet complete. A total of 23 people with COVID-19
are admitted to ICU.

More figures on intensive care admissions >

11:37
19/06/2022 @
",0
2022-06-19-11-37-32,"Gl Mail -Key Logger- Outlook Xx — #8 Coronavirus Dashboard|COVID x ++

a

eyy Percentage

i» 0% 50% 60% 70% 80% 90%

More information about coronavirus — viewallarticles >

Here you will find articles that explain the figures on the corona virus.

There are no more coronavirus risk levels
on the dashboard. Why is that? >

How many people are currently in
hospital? >

What is the impact of the
omikronvariant? >

Coronavirus Dashboard More information Contact

> Latest developments > About this dashboard For questions about the numbers and
graphs on this dashboard, please visit the
Explanation of the presented data page
and the Frequently asked

1 eindigt O98 Be C | ' - ‘panes @

> National > Alle artikelen

> Safety regions > Accessibility

",2
2022-06-19-11-37-51,"Mail - Key Logger - Outlook Compare Airline Tickets, Hotels: X = +

G @_ B hitps://wwwskyscanner.nl

Regional institutions x
B Language Switch to Nederlands
English (United States) v

45% Country/Region

Select the country you are in and you'll see local offers
and information.

Netherlands v

@ currency

EUR-€ v

Annul

",2
2022-06-19-11-38-33,"(1D | 3h Mail - Key Logger - Outlook Cheap flights from Eindhoven to x ng to requested

GA ic) www.skyscanner.nl.

Thank you, almost there...

IZ ‘
es > > Trip.com
Skyscanner
You've found your We're taking you to Now complete your
ticket Trip.com booking with Trip.com
Ticket details Trip.com

EIN STN = 16 Aug 2022, 21:15
STNEIN 23 Aug 2022, 06:45

Economy €22.78

",0
2022-06-19-11-38-47,"oO 85 Mail - Key Logger - Outlook se t Goedk chten en vliegticke X = +

x A

Boek met een Trip.com-account om uw boeking gemakkelijk te beheren en tot wel 25% © Mm
korting op uw hotel te krijgen
Passagier
1. Ticket voor volwassene Ti Verwijderen
aN
Vv LE)
Nationaliteit
Nederland Vv t=

Uw privacy is belangrijk voor ons ~ Accepteren | Weigeren

. Nc} 11:38
n eindigt INTL 19/06/2022 @

",0
2022-06-19-11-38-50,"oO 85 Mail - Key Logger - Outlook se lo chten van Eindhov X = -+

x A

% Retour & 1 volwassene ¥ & Economy ¥ Op zoek naar reistips? Kaart verkennen &

Eindhoven
Alle luchthavens

Londen
Allle luchthavens

» Di 16 aug Di 23 aug

Retourviuchten | 16 augustus 2022 (9 viuchten gevonden) ©
Tussenstop DYES ee ee nT oe 8
Rechtstreeks €25 z
Sorteren op: Aanbevolen ¥ > Vluchten afzonderlik boeken XZ Vluchten tegelijkertijd boeken 5
Luchtvaartmaatschappij

Laagste prijs en Duur zo kort mogelik

Alle luchtvaartmaatschappijen

_, 21:15 -21:20 © 1u5m Rechtstreeks
Ryanair © 28 Ryanair EIN - STN
Tijden 7 06:45 - 08:50 © 1u5m Rechtstreeks
Ryanair STN - EIN “a
Vertrek Aankomst
Vluchtdetails (?)
Vertrekken van Eindhoven 00:00 - 24:00
o_o Fay
00:00 24:00
Vertrekken van Londen 00:00 - 24:00 vcnun 15:55 - 16:00 © 1usm Rechtstreeks
Ryanair EIN - STN
0 0 EIN] STN
00:00 24:00 van € 31 RSE

__, 06:45 - 08:50 ©1usm Rechtstreeks

= 11:38
n eindigt 19/06/2022 @
",0
2022-06-19-11-39-06,"(0 | 8 Mail - Key Logger - Outlook x | & Cheap flights from Eindhoven tc x — ff) Goedkope viuchten van Eindhov x +

GA Q_ keep!

Q. keep! -G
keep laptop on when closed
keep leading zeros in excel
keep leaf
keep learning quotes
keep leading zeros in excel csv
keep looking
keep laptop plugged in

keep local browsing data

09:15 - 09:20 © 1u5m Rechtstreeks
Ryanair

18:45 - 20:50 ©1u5m Rechtstreeks

Tijden

Aankomst

Vertrekken van Eindhoven 00:00 - 24:00
09:15 - 09:20 ©1u5m Rechtstreeks

Vertrekken van Londen 00:00 - 24:00

Selecteren V

13:25 - 15:30 ©1u5m Rechtstreeks

Luchthavan

ENG xn 1139
Nu ® © sa/o6/2022

",0
2022-06-19-11-39-13,"Mail - Key Logger - Outlook Cheap flights from Eindho Format numbers to keep leading x +

GA ia) support microsoft.com

2. Right-click anywhere in the highlighted cells, and then on the shortcut menu, click Number Format
>Text >OK. HE Microsoft 365 x

Number Format

Category: You're invited to try
gory: Sample
Genera Microsoft 365 for free

Number
Accounting
Date

Time
Percentage
Fraction
Scientific
Text

bret
Special
Gutom Unlock now

Text format cells are treated as text even when a number is in the cell. The cell is displayed
exactly as entered

ox Cancel

3. Type or paste the numbers in the formatted cells.

Tip: Also apply Number format for numbers that are 12 digits or longer. Otherwise Excel for the web
automatically applies the Scientific format and converts any numbers after the 15th digit to zeros.

Learn more about the available number formats and how to format numbers.

oD 11:39

19/06/2022

",2
2022-06-19-11-39-19,"(a)

~€> x a

8 Mail - Key Logger - Outlook x | & Cheap flights from Eindhoven tc x +, keep leading zeros in excel-Go. X = +

Gyligle

i

14°C
Regen eindigt

@_hitps:/Awww.google.com/search?q=keep +leading +zeros+in+excel&oq=keep+l&aqs=edge.2.69157j0i5 1218.4972j0}4&sourceid=chrome&tie=UTF-8

keep leading zeros in excel x | 8 Q

QAI ©) Videos Images © Maps News : More Tools

About 927.000 results (0,52 seconds)
Format numbers to keep leading zeros in Excel for the
web

1. Select the cells on your worksheet where you'll be adding
the data.

2. Right-click anywhere in the highlighted cells, and then on
the shortcut menu, click Number Format >Text >OK.

3. Type or paste the numbers in the formatted cells.

https://support.microsoft.com > en-us > office » format-nu...

Format numbers to keep leading zeros in Excel for the web

@ About featured snippets + [— Feedback

People also ask

How do | keep the leading zeros in text to columns in Excel? v
How do you stop Excel from removing trailing zeros? v
Feedback

https://support.microsoft.com > en-us > office » keepin...

1 €-X-Yo) ate (=x-\ellale P41 cek-er-l avo lee (-Malelinle\-1k-eem\V [ecekreli Mole] o)elelag

omu@e CxXME

A

&

ENG xn
im > 2)

1:39
19/06/2022 @
",0
2022-06-19-11-39-28,"(a)

e€>¢Ga

8 Mail - Key Logger - Outlook x | & Cheap flights from Eindhoven tc x | © outlook - Google Search ~ ee

Gy¥gle

i

14°C
Regen eindigt

@_hitps:/Awww.google.com/search?q=outlook&ei=vO6uYtyHD4nk7_UPvqyQwAE&ved=0ahUKEwjc1 b-SnLn4AhUJ8rsIHT4WBBgQ4dUDCA8&uact=580q=outlook8igs |... AY

outlook x £§ Q

QaAll GJimages News [) Videos © Maps More Tools

About 2.980.000.000 results (0,44 seconds)

https://outlook. live.com =?

1 ©] 0} (Cole) eee i n=Lom ol= ese) af=1 R= ant= 11 Wr-Vave Mez=1(=Yate -TmixelinM /einel=eyig

Get free Outlook email and calendar, plus Office Online apps like Word, Excel and PowerPoint.
Sign in to access your Outlook, Hotmail or Live email account.

E-MAIL - (INBOX) - Outlook People - Outlook Calendar - Outlook.com - Courrier...

https://outlook.office.com» mail}

E-Mail - Outlook
Outlook inbox - Outlook Calendar - Deleted Items - Automatic replies

https://outlook.office365.com > mail» inbox
Mail box - Outlook Office 365

https:/Awww.microsoft.com >» en-ww > email-and-calend... ?

Microsoft Outlook Personal Email and Calendar | Microsoft 365
Download free Microsoft Outlook email and calendar, plus Office Online apps like Word, Excel,
and PowerPoint. Sign in to access your Outlook email account.

https://support.microsoft.com > en-us > office » how-to...

How to sign in to Outlook on the web - Microsoft Support
Go to the Microsoft 365 sign-in page or to Outlook.com. - Enter the email address and password
for your account. - Select Sign in.

Outlook.com <
Web site

Outlook.com is a personal information manager web
app from Microsoft consisting of webmail,
calendaring, contacts, and tasks services. Wikipedia

Date launched: July 31, 2012
Users: 400 million

Available in: 106 languages
‘Owner: Microsoft Corporation

People also search for View 10+ more

Gmail Facebook Instagram OneDrive

Feedback

omee CYimEne 6a ag

1:39
19/06/2022
",1
2022-06-19-11-39-33,"29
3

8k Mail - Key Logger - Outloo

Outlook
4 @ New message W Delete © Archive @ Junk v
\ Favorites © Focused Other
©) Inbox 332 @ ‘Sistema. SEK eS
> Key Logger 11:39 AM
© Sent Items Keylogging data
? Drafts 1 ay

Add favorite

Inbox 332

C

8

Junk Email

ots 1 1@

Sent Items

Deleted Items

Archive e

Notes

GCUdMdeVv

Conversation His...

New folder

v coe ©

n eindigt

keyloggingpro@outlook.com 2
> Key Logger 11:39 AM
Keylogging data

keyloggingpro@outlook.com 2
> Key Logger 11:39 AM
Keylogging data

keyloggingpro@outlook.com 2
> Key Logger 11:39 AM
Keylogging data

keyloggingpro@outlook.com 2
> Key Logger 11:39 AM

= Filter

Logger - Outlook

¥ Sweep €6 Move to v

Key Logger

Q Categorize v

© Snooze v

ch Meet Now

11:39
19/06/2022

@

",1
2022-06-19-11-40-02,"Oo
<

| 5 Mail - Key Logger - Outlook x | HB Cheap flights from Eindhoven to. x “> the student hotel - Google Sear x == +
>

x Aa [ @_hitps:/Awww.google.com/search?q=the+student+hotel&oq=the+st&aqs=edge.0.0151213j69i5 7015 1212j69i60j69i6 1j69i60.1978)0)4&sourceid=chrome&ie=UTF-8 ’ 6 ££ &

Gyfigle

i

14C
Regen eindigt

the student hotel x |b Q

QaAll @Q Maps GJ images News [2] Videos More Tools

About 1.240.000.000 results (1,01 seconds)

https:/Avww.thestudenthotel.com

The Student Hotel: More than just a hotel
The Student Hotel: a new concept in hybrid hospitality. Trendy design coupled with quality
accommodations in 14 cities in Europe. Explore it now!

Eindhoven
Our Eindhoven location is more than a hotel: it's a hub for co ...

Amsterdam City
Looking for a unique hotel stay, thriving student apartments or a ...

leiveyaliave|=a)
Our Groningen location is more than a hotel: it's a hub for co ...

Rotterdam
Like all our locations, The Student Hotel Rotterdam has a lot going ...

More results from thestudenthotel.com »

The Student Hotel Eindhov... | Check prices for your dates e
Prices on Google for a 1-night stay from €209
VIEW PRICES

Ava €106 | | >

re ee

Xe Wl qBeindhoven = (>) a
hae WEindhoven Centraal

c -Park P+RiEuutlaan:
korfsEindhoven

The Student Hotel Eindhoven

Website Directions save

4,5 wk tek & 1.804 Google reviews ©
4-star hotel

Address: Stationsweg 1, 5611 AA Eindhoven

Phone: 040 231 9792

Compare prices

(sun, 24 Jul (3 Mon, 25 Jul

De
N

All options

@@668 AGim 790

»

11:40
19/06/2022 @
",0
2022-06-19-11-40-09,"o 85 Mail - Key Logger - Outlook

www.thestudenthotel.com

Search Q Select a location ®
fa & ANY En
£0 fel iin 000
angio (tl eS 3hi
og 00d | TX |—
00 ope |n ol TTT 2 2 aL Om
AMSTERDAM BARCELONA BERLIN DELFT EINDHOVEN
Netherlands Spain Germany Netherlands Netherlands
oe O
eet) a
Ss 0] |annnn| jo as
FLORENCE GRONINGEN MAASTRICHT MADRID PARIS ROTTERDAM
LAVAGNINI Netherlands Netherlands Spain France Netherlands
Italy
a oa
MI ts)

",0
2022-06-19-11-41-07,"Mail - Key Logger - Outlook x | Cheap flights from Eindhoven tc x | [BM Booka hotel room inthe centre x Enhance your stay| The Student x +

GA Oo www.secure-hotel-booking.com

THE STUDENT HOTEL

GS v €€uro ¥

THE STUDENT HOTEL DELFT eter - more information Your choice
From Sun 19 Jun 2022 to Mon 20 Jun 2022 - 2 adults From Sun 19 Jun 2022

to Mon 20 Jun 2022

Choosearoom > Enhanceyourstay > Tnight, 2 adults

EXECUTIVE QUEEN
EXECUTIVE QUEEN teemeinant ome

TOTAL € 103.03

Deal TSH Deal Sales conditions of rate
Show details > €103.03 x
We guarantee
WA Official web site
4 ADD ANOTHER ROOM BOOK > [@]) Best price guaranteed

© Noadditional fees

@_ Secured transaction

141
19/06/2022 @
",0
2022-06-19-11-41-23,"Mail - Key Logger - Outlook x | Cheap flights from Eindhoven tc x | [BM Booka hotel room inthe centre x Enhance your stay| The Student x +

GA Oo www.secure-hotel-booking.com

THE STUDENT HOTEL

GS v €€uro ¥

THE STUDENT HOTEL DELFT eter - more information Your choice
From Sun 19 Jun 2022 to Mon 20 Jun 2022 - 2 adults From Sun 19 Jun 2022

to Mon 20 Jun 2022

Choosearoom > Enhanceyourstay > Tnight, 2 adults

EXECUTIVE QUEEN
EXECUTIVE QUEEN teemeinant ome

TOTAL € 103.03

Deal TSH Deal Sales conditions of rate
Show details > €103.03 x
We guarantee
WA Official web site
4 ADD ANOTHER ROOM BOOK > [@]) Best price guaranteed

© Noadditional fees

@_ Secured transaction

141
19/06/2022 @
",0
