ImageName,Text,Target
0436b98309bf07065a2a2da8ad7e1335.png,CleanMyCar  India's first waterless car cleaning company  Log in  Email  Password  Login  Need help?  forgot password? ,1
1920x1080_UI-builder.jpg,New page  Choose the page type you'd like to use  Utbuilder  Styles of eid cola  ¢ cA *  fr Home  @ Settings sty centred Container ayout  sive  Padding Marla ee Path login Baciground a Please log in Content type Emblocser textcenter (Cross Ste WiMcg “4 Username oad Password Variables Email address Input vaables = Password Submit  ,1
1_Login_anatomy_1120.png,18M [Product Name}  r  Login  Don’t have an account?  Remember10 ©  2g 5s @ ,1
46586789.jpg,Welcome Back!  a Siete  pixtastock.com - 46586789 ,1
6181093387__Web.png,Custom Login Page Company Name  Custom Login  Username  _SystemAdministrator —¥  Password  Stay logged in  ,1
641284-eenvoudige-web-login-pagina-ontwerpsjabloon-gratis-vector.jpg,USER LOGIN © C= © Gx==D  ,1
7da6e184253993.5d56acc35dd99.jpg,[ ]iefefs)  Log in to your account  Username ,1
7f9f53f39b18eb7947cb643861d2cb9bf722cc45.png,Login below to get started.  ©) Email Address  a Password ,1
83a226598226a7719ad239f9736214c7.png,LOGO [racziouen  Login Ware switch Not selected User name or email address admin Password Remember me Forgot password?  Not a member yet? Register  ,1
88d0f589184495.5ded5ab0a6747.png,Welcome back  ,1
9EC36FD3-90B5-457C-9F84-40EE68779F4B.png,Help Center MyLibrary Blog About Us @  Log In  Email Password  OC Remember Me  Forgot Password ,1
Alternative-login-pages-on-Facebook-website_Q640.jpg,"CG | @ https://www.facebook.com  Email or Phone  cent Logins  Create a New  It’s free and always will be.  First name |  Mobile number or email  Re-enter mobile number o  New password  Birthday jw  Month y | Day vy Year vj  O Female © Male  By clicking Create Account, you agree to our ",1
andr_sample_login_screens2.png,login_customization_themet.json _login_customization_theme2.json  ,1
Animated Login Form using HTML CSS.jpg,£ signinwith Facebook |  ,1
aTGrq.jpg,Please sign in  iusemnanie  Password ,1
attachment.jpg,User Login  Email Id  » @ Password  Forgot Username / Password?  ,1
banner-1544x500.png,WPBrigade  Login | Customizer  ® | Customize Your WordPress Login Page ,1
blog-login-register-pages-1.png,9K 2K KK KK KK KOK  Jupiter X ,1
create-custom-wordpress-login-page-og.png,elcome Bat  How to Create a Custom WordPress Login Page  ,1
custom-login-page-550x340.png,Geat User-Friendly CUSTOM LOGIN WordPress Plugins  ,1
custom-login-page-with-jupiter-x-featured.png,Jupiter X ,1
Custom-login-page.jpg,Login  ,1
customization.png,"Customization Company Logo  @ Your logo URL  If a URL is not provided, the AuthO logo will be used.  Primary Color  BB tea5323  Primary button background color  Page Background Color Bl #000000  Background color of your login pages  SAVE CHANGES ",1
download (1).png,P Poyeat ,1
download (2).png,Jupiterx. ,1
download (4).jfif,Login to Your Account  New Here?  ,1
download.jfif,ao = WELCOME  ,1
e-r-160543395.jpg,USER LOGIN  USERNAME ‘ah  PASSWORD a  @ Remember me QO Forgot Password  (6) (d) acAayanPars i aaKanere) pal ID 160543395 © Jatinjantre2 ,1
ec2c3956d585150636769e2821cca505.jpg,"@s e  Login  ‘Welcome back! Login to access the Sweet Marketplace, Did you forget your password?  Password  ",1
EU_001.png,"EU Login Ea @ | Enaiisn cen) ly | One account, many EU services  Sign in to continue  Use your e-mail address  Create an account  Or  Facebook  Twitter  Bon  Google  Or use the elD of your country  Select your country  Easy, fast and secure: download the ECAS app  © ippiiore ",1
file-qvgoK8Ybyk.png,Customizing » Ultimate Member  Login Page  Page Background Image  No image selected  Select image  Login Page Background Color  Select Color  Login Page Box Color  Select Color  Button Text  Select Color  Register Button  Select Color  Register Button Text  eee ,1
headspace-login-form.png,© headspace THE SCIENCE BLOG FOR WORK HOW TO MEDITATE HELP | LOG IN  Log in  New to Headspace? Sign up for a free trial  Email address  Password (8+ characters) ~~  Forgot password?  LOG IN WITH SSO  ,1
how-to-create-a-login-and-registration-page-in-wordpress-730x420.png,“ Create a Login and s +  Registration Page in WordPress  @) Formidable ,1
images (1).jfif,Knowledge From:-Home: ,1
images (1).png,Sy  Jupiter ,1
images (10).jfif,Template design ,1
images (11).png,Gest User-Friendly CUSTOM LOGIN WordPress Plugins  ,1
images (12).png,‘SpringBootkeycloak @ ,1
images (14).png,Sais to Fx Login Page Redirect  Issue in WordPress  ,1
images (15).jfif,Builda WordPress Custom Login Page ,1
images (18).png,©  How to Make a WordPress Custom Login Page (The EASY Way  ,1
images (20).png,(9)  Login Page Examples ‘to inspire Your Next Design  ,1
images (28).jfif,tine  Create» Custom WoraPress User Losin Page  ,1
images (31).jfif,@ SECURELOGIN systEM  ,1
images (31).png,offi | ,1
images (32).jfif,Trending Login Page ee000.  ,1
images (33).jfif,"Login/sign up Forms  To Compliment ‘Your Website, 2021 z ",1
images (33).png,Test Cases for Facebook Login Page  ,1
images (34).jfif,=} oa)  ,1
images (36).jfif,Sign Up  ,1
images (37).png,Please sign in  ,1
images (38).png,LOG IN  iu f u : t i i  ,1
images (4).png,Log in  ,1
images (41).png,© worw SoftwareTestingMateriacom ,1
images (44).png,‘ocebook  ,1
images (5).jfif, @ ntosi/y Facebook com  cent Logins Create a New  e —=  ,1
images (50).jfif,Arrano ,1
images (53).jfif,Helio Friend ,1
images (55).png,Google Sign in ,1
images (56).png,Username:  Password  Register  ,1
images (57).png,My Account Login  Register ,1
images (59).jfif,‘sofing ,1
images (59).png,Welcome to Jenkins!  ,1
images (6).jfif,ootstrap Login Page Templat  ,1
images (62).jfif,Gorge ‘One account Alot Google  ,1
images (64).png,Login  Register ,1
images (65).png,Login  ,1
images (66).png,~ Shopme § 10 Shope Corl Pare ,1
images (67).jfif,Eitwa Taal  PAGE DESIGN  ,1
images (67).png,eur / Guide  Create a Login Page ,1
images (68).png,facebook Fereexeperoccrectonscoe  ,1
images (7).png,Sesto ,1
images (70).png,How to Create a Custom WordPress Login Page  ,1
images (73).png,7 © 0 [Omeatens  ASP.Net Login Page Example  ,1
images (75).png,WELCOME TO GONG  ,1
images (78).jfif,_—Ie  at mens =” ,1
images (79).png,USERLOGIN ,1
images (8).png,Login to Continue!  Username: [rn  Password:  ,1
images (80).jfif,ez» ,1
images (81).jfif,Build aPleasent Login Experience for users wit any end  ,1
images (88).png,© smart  ,1
images (89).png,Welcome back.  ,1
images (90).png,o-;  Socieal Login  ,1
images (91).png, Statuspage  ,1
images (92).jfif,Welcome Back!  —or Log in with  as  ,1
images (92).png,‘nia Log with Titer  ,1
images (93).png,"@ New Tab,  ",1
images (94).png,¢  WELCOME  ,1
images (95).jfif,"USER LOGIN,  ",1
images (95).png,®  Welcome to Pinterest ,1
images (96).png,Attractive Login Form  ry )  HTML CSS  ,1
images - 2022-05-27T011006.765.jfif,ow to Seu WerdPras gin Page with SongPattwoed(Pre-Logn Anant)  Gq curchifynn ,1
images - 2022-05-27T011006.767.jfif,a = . B crestoe = =  ,1
images - 2022-05-27T011006.781.jfif,Jo  Member login ,1
images - 2022-05-27T011006.791.jfif,‘Guhriccad ,1
images - 2022-05-27T011006.800.jfif,Ul SCREEN  ,1
images - 2022-05-27T011006.837.jfif,How to Use this Map:  Feb ecto itr me  ,1
images - 2022-05-27T011006.853.jfif,"Basic HTML, CSS, JS (Bootstrap 5) for Login with API  Ea  J ",1
images - 2022-05-27T011006.863.jfif,oo ,1
images - 2022-05-27T011607.654.png,Login  ,1
images - 2022-05-27T011607.655.png,Chat! ,1
images - 2022-05-27T011607.667.png,SwiftUl  How to create a login page  ,1
images - 2022-05-27T011607.676.png,"@,  il ",1
images.jfif,ill  ,1
images1.jfif,&  Login & Signup  ,1
image_processing20201209-12855-1hc9f8r.png,Zapraszamy  Adres e-mail  Witaj ponownie!  Hasto Zalogyj sie i korzystaj z mozliwosci jakie daje nasz portal.  Nie posiadasz konta?  Nie pamietasz hasta?  Utwérz konto klienta Utw6rz konto restauracji  ,1
image_processing20210331-10829-60m0mb.png,"Login See your growth and get consulting support! G Signin with Google  oF Sign in with Email  Email  mail@website.com  Password  Min. 8 character  Remember me  Not registered yet?  ©2020 Felix Alll rights reserved.  $162,751 Lost  August  APR May JUN  Rewards  yy 3  AUG  Points  172,832 ",1
Login Form Material Animation.png,Password  ,1
login-form-landing-page-website-concept-login-form-landing-page-website-concept-design-can-be-used-websites-landing-pages-181155323.jpg,"Hello ! Good Morning  Login Your Account  Email Address  \ Password  <— [1 Remember  Forgot Paswword ? df > / é mt I a a, j OKC ihe EX ~~ : [ SUBMIT  N N é ee < ‘ A ~ a —~ F ss ~~ Create Account  WWW.YOURSITE.COM N  (6) dreamstime.com ID 181155323 © Hengkylestiopardi ",1
login-gongio-300x250.png,WELCOME T0 GONG  CONG ,1
login-page-added.png,localhost  Scratch Signup Login  Password  ,1
Login-page-bootstrap-1.png,eS \A  PXererelUlaim meyelia  @ Remember Me Forgot password?  Or login with  Don't have anaccount? => ,1
login-page-template-design-offer-for-new-user-vector.jpg,COUPON CODE  NEWUSER  Welcome! Login to get amazing discounts and offers only for you.  User Name  Password  po  Remember me  New User? Signup Forgot your password?  ,1
login-screen.jpg,USER LOGIN  User Id:  Password:  [  Forget Password ?  Login v  @Q1ce800K] | G Sooste]  ,1
login-transparent-background.jpg,x  LOGIN FORM: e  Enable Form Transparency: &  Form Width:  0 @  Form Minimum Height: 2 @ Ef Form Radius:  or |  Form Shadow: OX > Form Shadow Opacity:  or | =<  Form Padding:  Log In  0 24px 12px  Border (Example: 2px dotted black):  @ Hide Controls ,1
login-twitter.png,a  local.fusionauth.io  Login  Don't have an account? Create an account  OR  Login with Twitter  English v  @ Help ,1
logindefaultimage.png,"@  Welcome to Pinterest  Password =  Forgot your password?  Log in  €} Continue with Facebook  Continue with Google  i} a  By continuing, you agree to Pinterest's Terms of Service, Privacy Policy  Not on Pinterest yet? Sign up ",1
loginpress-custom-logo.png,x  Customizing » LoginPress  Logo  Customize Your Logo Section  Username or Email Address Disable Logo: @)  Logo Image:  Password  Remember Me  Lost your password?  | SGU | | pie eds € Go to User's Blog! Logo Width:  ») oO 84 | px  Logo Height:  wy a 84 |nx  @ Hide Controls oO ia]  ,1
maxresdefault (1).jpg,Member Login  User Name  et Password?  ,1
mc-login-page.png,fo} MARKETING CLOUD REPORT  Top marketers are 220% mare likely to provide quality leads to sales. See the research  ,1
MKrSN.jpg,"T iLearning  — # kemalputera@gmalicom  Ingat Saya Kembali Lupa Pass SELAMAT DATANG DI ILEARNING pte Lorem ipsum Dolor Sit Amet, Consectetur Adipiscing Elit, Sed Do Eiusmod Tempor ‘Belum punya akun? Gabung sekarang disini DAFTAR  Incididunt Ut Labore Et Dolore Magna Aliqua ",1
modern-login-page-template-design-vector-36688769.jpg,VectorStock® VectorStock.com/36688769  ,1
NHCIS-Login-Page.png,Log in  Enter your Username and Password below to log in.  *Username  * Password  ,1
Notification.png,(> PATTERNFLY  English  Log In to Your Account  Terms of Use - Help - Privacy Policy ,1
paypal-login-page.png,P PayPal  | Email or mobile number |  or  Sign Up  & LY English | Francais | Espanol | Axx ,1
php-login.png,Login  Username:  Password:  ,1
preview (1).png,Login  Sign uphere  ,1
preview.png,Creative Now User? sign Up  Welcome Back!  & usernamemt@gmaiicom  @ Enter Password  ,1
Screenshot 2022-06-13 151147.png,"YourPr x  § Desmo: x ff Redem) x | @ localho x | € Fronter x | @& Timesh x | m 90Mus x | U; TheCo: xX Home! x | § 0.1Use x | AB SEPT x | @ cant x | + v = x  € CG @ desmos.com/scientific Qa* ameenrr@:  %& Ans TN en a Le OSIRIS @ PlanApp iCloud [J BookMySpace [Driving Theory cs PR sep @ SEP Drive Ce) to) LAB2GO.» Other bookmarks  x  Log In  New to Desmos? Sign up.  G Log in with Google  @ Log in with Apple  Or log in with Desmos  Password  Note: Desmos uses cookies to enable persistence when you are signed in. If you do not wish to use cookies, please use Desmos without logging in.  15:11  a ea = 13/06/2022  pa  P& Type here to search le) Ai ",1
Screenshot 2022-06-13 151212.png,"G YourPr x (} Desmo: x [J Redem; x | @ localho x | € Fronter x | @ Timesh x | m 90Mus x | U; TheCo x | CO Home! x | B® 0.1Use x | HB SEPT x | @ cant x | + v = x € CG @ desmos.com/scientific CU ee |)  cs Bsep GQ seppive 6 @ M GE OO BH 1A82G0 » | BM Other bookmarks  x  % ans Canvas @ Calculator Detexify ™ Dictionary OSIRIS @ PlanApp iCloud [J BookMySpace [MM Driving Theory!  Note: Desmos uses cookies to enable persistence when you are signed in. If you do not wish to use cookies, please use Desmos without logging in  15:12  a ea = 13/06/2022  P Type here to search (Oo) [ei Fi ",1
Screenshot 2022-06-13 151227.png,"YourPr x — ( Desmo: x  Ans  BB Redem) x | @ localhc  C — @ desmos.com/scientific  Canvas Calculator  P Type here to search  ® Detexify MP Dictionary  x  © Fronte  OSIRIS  x  @ PlanApp iCloud [J BookMySpace [Driving Theory  SS Timesh x | m 90Mus xX | U; TheCo: X | © Home! x | B® 0.1Use x | AB SEPT  cs BR sep  Already have a Desmos account? Log in. External Account Email Address  Email  First Name or Nickname  A  Last Name (optional)  Password  A  | agree to let Desmos store and maintain the information | provide (e.g. login credentials, saved work) in order to provide and improve its service. To withdraw consent, you may delete your account at any time.  | have read, understand, and accept the Terms of Service and Privacy Policy.  Desmos uses cookies to enable persistence when you are signed in. If you do not wish to use cookies, please use Desmos without logging in. Learn More.  S SEP Drive  x  x  @canw x + @ hm  @ 4  v  -  x  @enu@: (oe Z :y.clo)  j/ ENG  IB Other bookmarks  15:12 13/06/2022  Fi ",1
Screenshot 2022-06-13 151428.png,Your P: x [Bi Redem x | @ ho x | €& Fronten x Timesh x rele Rael}  lator Detexify  Dictionai iCloud  @  Sign in to iCloud  Apple ID n  Keep me signed in  Forgot Apple ID or password? 2  ,1
Screenshot 2022-06-13 151533.png,Your P: x [Bi Redem x | @ ho x | €& Fronten x Timesh x rele Rael}  lator Detexify  Dictionai iCloud  @  Sign in to iCloud  jan@icloud.com An  rd Gs  Keep me signed in  Forgot Apple ID or password? 2  ,1
Screenshot 2022-06-13 151811.png,© comp x n @ localh x | & Front: x Times X | m 90M  @ dell.com  Canvas §@B Calculator % Detexify | Dictionary SIRIS n iCloud kMySpace Driving Theory cs (sep SEP Drive BE Other  D@.LTechnologies  Sign In Dell Account Benefits  Creating a Dell account gives you access to special perks.  G Google Sign In @ Facebook Sign In  WwW (a ©  | Email Address  Easy Ordering Order Tracking Dell Rewards Place orders quickly and easily View orders and track your Dell Rewards Join for free and | Password Ne | shipping status receive £15 Dell Reward*  coupon for every £500 spent.  Don't remember your password? Create or Reset password  or  | Send One-time Password |  Don't have a Dell account? Create an account  15:18  = ENG EB  13/06/2022 Y41 ,1
Screenshot 2022-06-13 151841.png,"@ localh x | & Front: x x > m 90M x  tor Detexify M Dictionary  D@.LTechnologies  Create Your Account Dell Account Benefits  Already have an account? Sign In  First Name Ca) Last Name A Ww fd  Easy Ordering Order Tracking Email Address An . Place orders quickly and easily View orders and track your shipping status Password Ne  © Passwords must be at least 8 characters in length and contain 1 upper case letter, 1 lower case letter and 1 number.  Dell Technologies and its group of companies (“Dell”) would like to stay in touch and update you on products, services, solutions, exclusive offers, and special events. For more details about our information practices, see our Privacy Statement. You can unsubscribe at any time.  O Yes, | would like Dell to send me email communications. By clicking “Create Account”, you agree to our Terms & Conditions.  © Yes, | would like to register for Dell Rewards. | would like to receive £15 back in Rewards coupons for every 500 points, to be redeemed  Creating a Dell account gives you access to special perks.  )  Dell Rewards  Dell Rewards Join for free and receive £15 Dell Reward* coupon for every £500 spent.  15:18 = ENG EB  13/06/2022 Y41 ",1
Screenshot 2022-06-13 152045.png,"@ poet x A x  @ amazon.nl, in  m 90M x | U; The’ x  tor Detexify M Dictionary  amazon. —  Sign In Email or mobile phone number  | all  By signing-in you agree to Amazon's Conditions of Use & Sale. Please see our Privacy Notice, our Cookies Notice and our Interest-Based Ads Notice.  » Need help?  New to Amazon?  Create your Amazon account  Conditions of Use PrivacyNotice Help —_—Legal information Cookies Notice _Interest-Based Ads Notice  © 1996-2021, Amazon.com, Inc. or its affiliates  20 06/2022 ",1
Screenshot 2022-06-13 152057.png,"@ poet x A @ local x | © Fron x x | m 90M x | U; Ther x  @ amazon.nl,  tor Detexify M Dictionary ving Th SEP Drive  amazon. —  Create account  Your name  First and last name A  Mobile number or email  Password At least six characters A  i Passwords must be at least 6 characters.  Re-enter password  aA  By creating an account you agree to Amazon's Conditions of Use & Sale. Please see our Privacy Notice, our Cookies Notice and our Interest-Based Ads Notice.  Already have an account? Sign in >  Conditions of Use Privacy Notice Help _—_Legal information Cookies Notice __Interest-Based Ads Notice © 1996-2021, Amazon.com, Inc. or its affiliates  20  06/2022 ",1
Screenshot 2022-06-13 152543.png,Ber x | @ local x | © Fron x ne X | m 90M X hi In 0 Sign X  p  ® Detexify Dictionary SIRIS n iCloud Ey kMySpace Driving Theory cs BR sep SEP Drive  6 Spotify’ Sign up for free to start listening.  Cf) In up with Facebook  C G Sign up with Google )  or  Sign up with your email address  What's your email?  Enter your email.  Confirm your email  Enter your email again.  Create a password  Create a password.  Waiting for analytics.tiktok.com.. 15:25  DENG 13/06/2022 Fi ,1
Screenshot 2022-06-13 152611.png,"@ poet x ) x | @ local x | © Fron x x | m 90M x | U; Ther x  spotify.com/u  tor Detexify M Dictionary ving Th SEP Drive  | Create a password. |  What should we call you?  | Enter a profile name. |  This appears on your profile.  What's your date of birth? Month Day Year | Month Vv | | DD | | YYYY | What's your gender?  Male Female Non-binary  () Share my registration data with Spotify's content providers for marketing purposes.  I'm not a robot  By clicking on sign-up, you agree to Spotify’s Terms and Conditions of Use.  To learn more about how Spotify collects, uses, shares and protects your personal data, please see Spotify's Privacy Policy.  15:26 13/06/2022  ENG  ",1
Screenshot 2022-06-13 152631.png,"com X | © poet x Red @ local x | & Fron x x > m 90M x | U; The x  @ accounts.spotify.com,  ® Calculator % Detexify  Dictiona OSIRIS @ PlanApp MySpe ving Theo ® sep SEP Drive  To continue, log in to Spotify. Fi. CONTINUE WITH FACEBOOK  « CONTINUE WITH APPLE  ( G CONTINUE WITH GOOGLE  OR Email address or username | Email address or username A | Password . | Password A |  Forgot your password?  “renee eG  Don't have an account?  ",1
Screenshot 2022-06-13 152652.png,Your X | @ com x @ poet x yc x | BRB Rede x = @ local x | & Fron x | @ Time x | m 90M x | U; The’ x Hom x | ® 01U x | HB SEP x @loo x + x  <€ C  @ facebook com/login.php?skip_api_login=1&api_key=174829003346&kid_directed_site=0&app_id=174829003346&signed_next=18next=https%3A%2F%2Fwwwfac... 2 we ameenr@:  %& Ans TN en a Le CSS MC MC © Be MM cs PR sep @ SEP Drive Ce) © By 1482G0 » | BH Other bookmarks  Log Into Facebook  15:26 13/06/2022  Type here to search © ENG ,1
Screenshot 2022-06-13 152707.png,"@ poet x ) X | @ local x | © Fron x Time x | m 90M x | U; The x n HE Sep x = @Sin x +  @ facebook.com, ke  tor Detexify M Dictionary ving Th SEP Drive  facebook  Sign Up  It's quick and easy.  >  Birthday @  Jun v 13, vy 2022 v Gender @  Female [e) Male [e) Custom  People who use our service may have uploaded your contact information to Facebook. Learn more  By clicking Sign Up, you agree to our Terms. Learn how we collect, use and share your data in our Data Policy and how we use cookies and similar technology in ‘our Cookies Policy. You may receive SMS Notifications from us and can opt out  any time.  06/2022 ",1
Screenshot 2022-06-13 152805.png,"@ poet x i) @ local x | & Fron x Time X = m 90M x _| U; The’ x rn O1U x | GB SEP x log X +  @ enwikipedia.org/w  tor Detexify M Dictionary ving Th SEP Drive  WIKIPEDIA  The Free Encyclopedia  Main page Contents. Current events Random article About Wikipedia Contact us Donate  Contribute  Help  Learn to edit Community portal Recent changes Upload file  Tools Upload file Special pages Printable version  Languages o  & Not logged in Talk Contributions Create account Log in  Special page Search Wikipedia Q  Log in  Username  Enter your username A Password  Enter your password Ca)  [__] Keep me logged in (for up to 365 days)  Help with logging in  Forgot your password?  Don't have an account? Join Wikipedia  Privacy policy About Wikipedia Disclaimers Contact Wikipedia Mobile view Developers Statistics Cookie statement (¢)) wucrteDia Powered by  "" MediaWiki  06/2022 ",1
Screenshot 2022-06-13 152829.png,"x | @ poet x BB Rede x | @ local x = Fron x Time X = m 90M x _| U; The’ x rn O1U x | GB SEP x  enwikipedia.org/ ginCTA  lator Detexify P Dictionar iCloud [J Bo Theo  & Not logged in Talk Contributions Create account Log in  Special page Search Wikipedia Q  WixiprpiA_ _—s Create account  The Free Encyclopedia  Consider using a username other than your real name, as usernames are public and cannot be made private later.  Main page Contents Username (help me choose) Current events Wikipedia is made by people like you. Renitementate Enter your username n About Wikipedia Contactus Password 1,088,284,875 Donate Enter a password Ca) 7 edits  Contribute  It is recommended to use a unique password that GED you are not using on any other website 6 — 5512,599 Community portal Confirm password Recent changes Enter password again n articles Upload file Tools Email address (recommended) 1 2 Oo ; 10 9 Upload file Enter your email address Ca) Special pages recent contributors Printable version Email is required to recover your account if you  lose your password. Languages Fed  CAPTCHA Security check (what is this?)  itietaysty  GRefresh  ",1
Screenshot 2022-06-13 152926.png,Your X | @ com x @ poet x i) BB Rede x | @ local x = Fron x % Time x | m 90K sl B logi x +  Cc rijschool4expats2.3dtheorie.nl/login/ & ex  Canvas {@ Calculator % Detexify Dictionary OSIRIS @ PlanApp iCloud [J BookMySpace Driving Theory cs S SEP Drive (=) © HZ 1282G0 » | BM Other bookmarks  3D THEORIE  How does it work? The benefits of 3D Theory ~ Products @ Account v  Login  User name  password  Forgot your password  © Driving School 4 Expats 22022 Contact TermsandConditions Privacy & Cookies  ,1
Screenshot 2022-06-13 153530.png,"© comp x  @ poet BB Reden x | @ localh x | © Fronte x Times x  @ flytap.com,  lator Detexify  Dictionai @ PlanApp  Booking and managing Preparing the trip TAP Benefits  ‘PIP airrortucat  fal | LOGIN  Login  Sign into your account  Enter your email or Client (TP) Number An  Password A Or  Remember me  Recover password  Waiting for  Stopover  Word  SEP Drive  FLYTAP INSTITUTIONAL TAPCORPORATE TAPAIRCARGO TAPSTORE fm EN TAP Miles&Go () Login (g)) Register now! Ca)  G Google  Have you registered through a social network? Click the respective button to access your flyTAP Account!  15:35,  DENG 13/06/2022  44) ",1
Screenshot 2022-06-13 153557.png,"© comp x | @ poetry, x i) @ localh x | & Front: x Times x O.1Us x | BB SEPT x Word  lator Detexify P Dictionary sRis @ n iCloud Ey kMySpace Driving Theory cs BR sep SEP Drive  TP AIRPORTUGAL Booking and managing = Preparingthetrip © TAPBenefits Stopover = TAP Miles&Go  Enter your personal details  Access details@ E-mail: The e-mail you provide will be the one used to access your TAP Account. a Personal details @ Salutation: You must enter your name in the same way as it appears on your identification documents. This will v be used when booking. First name: al Surname: n | Date of birth: Day: VY Month: “ Year: +.  15:35, 13/06/2022 44)  ENG  ",1
Screenshot 2022-06-13 153623.png,"© comp x | @ poetry, x i) @ localh x | & Front: x Times x O.1Us x | BB SEPT x Word  flytap.com/e  Canvas §@B Calculator % Detexify | Dictionary SIRIS n iCloud Ey kMySpace Driving Theory cs BR sep SEP Drive  TP AIRPORTUGAL Booking and managing = Preparingthetrip © TAPBenefits Stopover = TAP Miles&Go  Data processing consent  With your permission, TAP will use your TAP Account membership and use data. This information will not be shared with third parties and allows TAP to get to  know you better and makes it possible for us to define your profile and present you with campaigns, promotional coupons, benefits and more appropriate products.  Aprofile will be created and used for each promotional activity, taking into account the type and frequency of the use you make of our site, with a view to  adjusting our activities to match your interests. You may withdraw your consent at any time, although this will not invalidate data that has been processed up to that date based on your previous consent.  For more information about how TAP processes data, the Client should consult our Privacy Policy. | agree to my data being processed to create my profile, define new products and services and present TAP campaigns and benefits that will be of interest to me.  Yes No  | declare that | have read and accept the TAP Client Account Terms and Conditions and TAP Miles&Go Programme Terms and  Conditions.  ",1
Screenshot 2022-06-13 154127.png,"6 Your? x | @ comp x | @ poetry x  @icc x | BR Reder x | @ localh x  Front: x | @ Times x | © Home x | ® O1Us x | AR SEPT x  Word) x + v  Welcome to GitHub! °  Let’s begin the adventure  .  Enter your email  . . = Ceci % . . . . . ° . . . : . . e . . . ° ° ’ . . .  By creating an account, you agree to the Terms of Service. For more information about GitHub's privacy practices, see the GitHub Privacy Statement. We'll occasionally send you account-related emails.  1541 A @ r @ SENG , ",1
Screenshot 2022-06-13 154222.png,"(2 Cc x | GR Reder x | @ localh x | © Front x | @& Times x | CD Home x | BW O.1Us x | HB SEPT x  6 Youre x | @ comp x | @ poetry x Word x €) Jonc x + v _ x  € > @ © @ github.com/signup?user_email=8source=form-home-signup @x epngeena@: cs Bsep GQ seppive 6 @ M GE OO BH 1A82G0 » | BM Other bookmarks  % Ans Canvas‘ Calculator Detexify ™ Dictionary OSIRIS @ PlanApp @ iCloud [J BookMySpace Driving Theory °!  Cw) Already have an account? Signin >  Welcome to GitHub!  Let’s begin the adventure  Enter your email  ¥ random.email@gmail.com a  Create a password  => A © | Continue  By creating an acco the GitHub Privacy Statement. We'll occasionally send you account-related emails.  int, you agree to the Terms of Service. For more information about GitHub’s privacy practices,  15:42 A r G&D ENG 13060022 ny  fe) in  P Type here to search ",1
Screenshot 2022-06-13 154237.png,6 Yourr x (Came  © comp x C2 G  % Ans Canvas  P Type here to search  fe (Cc x  BB Reden x  (Te a A < d  @ github.com/login?retum_to=https%3A%2F9%2Fgithub.com%2Fsignup%3Fuser_email%3D%26source%3Dform-home-signup  ©)  Sign in to GitHub  Username or email address  | A)  Forgot password?  a)  New to GitHub? Create an account.  Password  Terms Privacy Security Contact GitHub  F O1Us x  OB sept x  Word! x  @ calculator % Detexify M Dictionary 4 OSIRIS @ PlanApp @ iCloud [J BookMySpace M Driving Theory efe CS [Mj SEP @ SEPDrve G @ M G £O B ias2co  Q Signi x + v - x  a@* PASS e010: » | JI Other bookmarks  15:42 A r G&D ENG 13060022 ny | ,1
Screenshot 2022-06-13 154431.png,"(Came  @ accountbooking.com  tor Detexify  Booking.com  D Dictionary  @ locait  x  © Front: x Times’ x  Sign in or create an account  Email address  Continue with em:  or use one of these options  Fi G &  More ways to sign in  By signing in or creating an account, you agree with our Terms & conditions and Privacy statement  All rights reserved. Copyright (2006 - 2022) - Booking.com™  UuY  SEP Drive  “AA 06/2022  15)  ",1
Screenshot 2022-06-13 154637.png,"@ comp: x | @ poet i) @ localh x | & Front: x Times x O1Us x | AB sepa x | € Log ir x  @ access.trivago.com  Canvas §@B Calculator % Detexify | Dictionary SIRIS n iCloud Ey kMySpace Driving Theory cs BR sep SEP Drive  Log in or create an account  Enter your e-mail address to start  Email address Or use trivago with another account Ca) | G Continue with Google | | Cj Continue with Apple |  Reminder: by signing up, you are agreeing to our Privacy policy and Terms of use.  Don't have an account yet?  Create an Account  ",1
Screenshot 2022-06-13 154654.png,"@ comp: x | @ poet i) @ localh x | & Front: x Times x O1Us x | AB sepa x | € Log ii  @ access.trivago.com  Canvas §@B Calculator % Detexify | Dictionary SIRIS n iCloud Ey kMySpace Driving Theory cs BR sep SEP Drive  Create your account Add a strong password to finish up  Email address Or use trivago with another account  Ca) | G Continue with Google  Password Eis Continue with Facebook  Password requirements | « Continue with Apple |  Reminder: by signing up, you are agreeing to our Privacy policy and Terms of use.  ",1
Screenshot 2022-06-13 154855.png,"@ poet x i) @ local x | & Fron x x In o1l x | BB Sep x | © Gith x  @ bol.com/nl, in.htm  tor Detexify M Dictionary x ving Th SEP Drive  Free shipping from 20,- Same day, evening or weekend delivery* Free returns, Select Discover the 4 advantages now  Welcome Chiara & oO’  Categories V Gifts & Inspiration V Offers VW For Business gift card Order status Customer service =nyv  Select-Deals  Summerin your sphere Heat Fighting outlet += Everything for your daddy >  0) Your password please. In order to properly protect the data in your account, we ask you for a password.  ° login Existing customers New to bol.com? Create an account within 2 minutes. “ A ) For yourself For your company a Ca) Nn  'k ben geen robot Ik ben geen robot  i I? login Forgot your password? Create an account  15:48 13/06/2022  @® ENG  ",1
Screenshot 2022-06-13 155153.png,"© comp x | @ poetry, x (i) Co xX | RM Reder x | @ localh x | & Front: xX | @& Times x O1Us x  @ profiletheguardian.com/signi p yentParam npone 63Didentityauthentication e dian_signin_header8returnUr  Canvas {@ Calculator % Detexify Dictionary OSIRIS @ PlanApp iCloud [J BookMySpace [Driving Theory S © SEP Drive 6  TATATIALL  Signin Register  Email  Password  Reset password  By proceeding, you agree to our terms & conditions.  For information about how we use your data, see our privacy policy.  This site is protected by reCAPTCHA and the Google priva service apply.  or continue with  C G Goose ) Cf Facebook ) C @ Apple )  y policy and terms of  Waiting for ophan.theguardian.com...  15:51  ea en )6/2027) aed)  ",1
Screenshot 2022-06-13 155209.png,"© comp x | @ poetry, x BB Reden x localh x | € Fronte x Times x | © Home x | B® O.1Us x | AB SEPT x ©) GitHu x G Regisi x + x  @ profile:theguardian.com/register?componentEventParams=componentlype%3Didentityauthentication%26componentld%3Dguardian_signin_header&returnUrl=htt.. 1@ % Te @ a0@:  Canvas {@ Calculator % Detexify ™ Dictionary OSIRIS @ PlanApp @ iCloud [J BookMySpace Driving Theory cs (RM sep @& SEP Drive sy Q © HW 1482G0 » BM Other bookmarks  The.,.  Guardian  Signin Register  By proceeding, you agree to our terms & conditions. For information about how we use your data, see our privacy policy.  This site is protected by reCAPTCHA and the Google privacy policy and terms of service apply.  vith  or continue  C G Goose ) Cf Facebook ) C @ Apple )  Privacy policy [Genicom cy Help Terms & conditions  Back to top (~)  15:52 O° 5 1 Type here to search ea OE ENG 13/06/2022 Lan  © 2022 Guardian News & Media Limited or its affiliated companies. All rights reserved.  ",1
Screenshot 2022-06-13 155230.png,"© poet le.com/a  tor Detexify M Dictionary  Apple ID  @ locatt:  x  © Front: x Times’ x  ‘N  v  Use your Apple ID to sign in to The Guardian.  Apple ID n (=  Forgot Apple ID or password? a  re  In setting up Sign in with Apple, information about your interactions with Apple and this device may be used by Apple to help prevent fraud. See how your data is managed...  22 Apple Inc. Alll rights res  Privacy Policy  x  A SEPT x  SEP Drive  2.  06/2022  15)  ",1
Screenshot 2022-06-13 155425.png,"Yourr x | @ comp: x | © poetry, x (2) cc x | BRB Reden x | @ localh x | © Front: x | @ Times x Home x | § 01Us x | AB SEPT x | © Githu x x +  € CG @ fandom.com/signin? af08 ameenr@  %& Ans TN en a Le OSIRIS @ PlanApp iCloud [J BookMySpace [Driving Theory cs PR sep @ SEP Drive CON Z MEN: rJclo) BE Other bookmarks  < BACK  Welcome Back!  Don't have account?  Sign In with a Social Account Sign In with Username  g  Forgot Password?  NIN WITH APPLE  By creating an account, you agree to FANDOM's Terms of Use and Privacy Policy  06/2022 ",1
Screenshot 2022-06-13 155442.png,"Yourr x | @ comp: x | © poetry, x (2) cc x | BRB Reden x | @ localh x | © Front: x | @ Times x Home x | §% O01Us x | AB SEPT x | QC GitHu x | x +  € X — @ fandom.com/register?flow=702ce 6d-461 2895 anmaeenr@  %& Ans TN en a Le OSIRIS @ PlanApp iCloud [J BookMySpace [Driving Theory cs PR sep @ SEP Drive CON Z MEN: rJclo) BE Other bookmarks  < BACK  Join FANDOM Today  Already have an account?  Connect a Social Account Register with Email  CONNECT WITH APPLE &  [¥] Email me about FANDOM news and events  By creating an account, you agree to FANDOM's Terms of Use and Privacy Policy  Waiting for www.fandom.com...  15:54 LY Type he i G Type here to eo © ae on  ",1
Screenshot 2022-06-13 155509.png,6 Youre x | @ comp x | @ poetry x | efe icc x | MH Reder xX | @ localh x | E> Front’ x | @ Times xX | C Home x | BP O1Us x | AB SEPT x | CE) Githu x Woh x + v = x  € > C | @ twitchtv/login?client_id=mqvkzvalswnsqsxo85qltnz52d72lw&iredirect_params=claims%3D%257B%2522id_token%2522%253A%257B%2522email%2522%253A%257... 1 Ww Ame ene @:  %& Ans Canvas {@ Calculator  Detexify ™ Dictionary OSIRIS @ PlanApp @ iCloud [J BookMySpace [ DrivingTheory ee CS ff SEP @ SEPDrve G @& M Q © By 1482G0 » | BH Other bookmarks  Accept Cookies  Username  Trouble logging in?  15:55 13/06/2022  P Type here to search (@) [eh ® @ \ Ze ENG  ,1
Screenshot 2022-06-13 160602.png,"Get Started  ys? cs  Title* Categories v All Items. * Required Passwords Login Details Secure Notes Credit Cards Email or Username vigimedia a Personal Info Chrome player : . : a5 v Password ® (@ Password Generator Generate Password @ Password Health @ Data Breach Scanner ) Website Address* j, (g Emergency Access “equa  WhatsApp. Adobe _Intelli 2Acreati.. M202022  16:05  a a = 13/06/2022  3 Type here to search  ",1
Screenshot 2022-06-13 161003.png,G6 You x | @ con x | @ por x | of 2) x | PH Rec x | @ loce x | CO Fro x | BTim x Coo x | R01 x | FB ser x | © Gitt x | @ tHe x | F PR x Sig X + v = x € > CG @ genius.com/signup ax bDAGRe¢ee OO:  % Ans Canvas“ Calculator Detexify ™ Dictionary OSIRIS @ PlanApp @ iCloud [J BookMySpace [ DrivingTheory efe cS [f] SEP @ SePDrve G @& M GC © BW 1482G0 » | MM Otherbookmarks  Search lyrics & more Q GENIUS  FEATURED CHARTS VIDEOS COMMUNITY | PROMOTE YOUR MUSIC | f v IG) o  SIGN UP  and show off your genius  & Sign up with email  Already have an account? Sign in here.  Embed a Text + Verified Artists * Hot Songs » Contributor Guidelines  About Genius + Press * Shop + Advertise + Event Space + Privacy Policy + Privacy Preferences + Jobs + Developers + Terms of Use * Copyright Policy + Contact us * © 2022 Genius Media Group Inc  P Type here to search (0) fet & c= @ oo  ie 16:09 bz or SD ENG 1316/2022 oy  ,1
Screenshot 2022-06-13 161122.png,"You x | @ con x | @ poe x Gi rec x @ loce x | © Fro xB Tim x | CS Hor x | B01 x | AB SEP x | © Gitt x THE xX | F FRE xX @& Thex + x  € CG | @ reddit.com/r/arcticmonkeys/comments/bgn17q/thats where _youre wrong/ @ *) @ a0@:  Ans Canvas {@ Calculator %% Detexify ™ Dictionary OSIRIS @ PlanApp @ iCloud [J BookMySpace Driving Theory cs (RM sep @& SEP Drive Q © HW 1482G0 » BM Other bookmarks  reddit Q. @ryarcticmonkeys Search Reddit qv LogIn (signup) Qyv  Login  By continuing, you agree to our User Agreement and Privacy Policy.  Continue with Google  Continue with Apple  Forgot your username or password?  New to Reddit? SIGN UP.  Become a Hero  1611  ENG 13/06/2022  ",1
Screenshot 2022-06-13 161300.png,6 You x | @ con x | @ poe x | fe (i) x | MH Rec x | @ loce x | Fro x | BTim xX | OHor x | BF 01 x | AB sep x | CE) Gitt x | @THEx | F FAX CyDex + v = x € X — @ deezer.com/en/login?redirect type=pageSwredirect.link=%2Fsearch%2Fshe%27s%2520thunderstorms @2x PAR eeea@:  % Ans Canvas“ Calculator Detexify ™ Dictionary OSIRIS @ PlanApp @ iCloud [J BookMySpace [ DrivingTheory efe cS [f] SEP @ SePDrve G @& M GC © BW 1482G0 » | MM Otherbookmarks  deezer  Log in  Not registered on Deezer yet? SIGN UP  > soocte =>  E-mail address  Password  FORGOT YOUR PASSWORD?  Waiting for proxy tunnel...  P Type here to search () 16:12  mA BD ENG 1316/2022 oy  ,1
Screenshot 2022-06-13 161443.png,Your Pr | @ compu | © poetry ho | € SI Q GitHub | F FRAM  unsplash.com/|  tor B% Detexify P Dictionary ving Thi B sep SEP Drive  Login  Welcome back.  © Login with Facebook  OR Email l al Password Forgot your password? | n|  Don't have an account? Join Unsplash  16:14  06/2022 ,1
Screenshot 2022-06-13 161515.png,"Your Pr | @ compu | © poetry (2) Cor | J Redem | @ localhc | (> Fronter | @& Timesi Home! | 8 0.1 Use | AB SEP_Ti | C) GitHub | F FRAM = Deezer | @ Newle © Jor x + = x  XX @ unsplash.com/join a * ameenr@:  Lil Join Unsplash  Already have an account? Login  ¥  ation starts here oe  -  S 3,961,423 free, high-resolution First name Last name photos you can’t find anywhere else | |  Email  Username (only letters, numbers, and underscores)  Password (min. 8 char)  10) o)Ce¥-Tol-Te I Mel-\Va-\e(oll o)""Bay4-| ne e1-ve(-10) 1]  Waiting for bam.nr-data.net..  5 1615 fo) - , 1 Type here to search @ © ENG 13/06/2022 Fis ",1
Screenshot 2022-06-13 162059.png,"5 Your X | @ com x | @ poet x | ef 2c x | MM Rede x local x | € Fron x | @ Time xX | S Hom x | ® 01 x | HB sep x | © Git x | F FRA x Sign X + v = x  € e auth.usnews.com, a * jb meen @:  USNEWS  Sign In with your social account Sign in with your email and password  Email  Continue with Facebook  or  Need an account’  (=) a SC | a 13/06/2022 “45,  P Type here to search od gm 0  ",1
Screenshot 2022-06-13 162123.png,"5 Your X | @ com x | @ poet x | ef 2c x | MM Rede x local x | € Fron x | @ Time xX | S Hom x | ® 01 x | HB sep x | © Git x | F FRA x Sign X + v = x  € e auth.usnews.com, a * jb meen @:  USNEWS  Sign In with your social account Sign up with a new account  Email  Continue with Facebook Password  or  have an account’  (=) a Ce | 13/06/2022 “™45  P Type here to search od gm 0  ",1
Screenshot 2022-06-13 162513.png,"You x | @ con x | © poe x 2 @ loce x | & Fro x © ait x | F FRA x | © bac x But x +  C  @ shop.butipelletterie.com/en,  EuR€ v @eENG ute a2 Vv ve  WOMAN UNIVERSATILE MAN SMALLLEATHERGOODS SALE  BUTI'S WORLD Search... Q Create an account Password Password a) Birthdate MM/DDIYYYY  Sign up for our newsletter  You may unsubscribe at any moment. For that purpose, please find our contact info in the legal notice.  | agree to the terms and conditions and the privacy policy  CONTINUE  ",1
Screenshot 2022-06-13 163523.png,"@ con x | © poe x  coolblue.n|,  NEW ACCOUNT. Hi profile.  Shopping cart  Introduce yourself! Logitech K380 Wireless Keyboard QWERTY Pink Email address A  No email address was entered,  Shipping costs Free Password @  Total amount € 49,99  At least 8 characters An Show  Confirm password @ > Edit shopping cart  An Show  Email preferences @ Yes, | want promotions and tips based on my purchases  Yes, | want to receive the Coolblue newsletter and a € 5,- gift card for my next order  <Previous step  ",1
Screenshot 2022-06-13 163842.png,You x | @ con x | @ poe x | eke (i) x | MH Rec x  € fe thuisbezorgd.nl/en?gclid=Cj  x | @ Fro x ae ee a ie i ce a © Ce a i ~  o v - x  gicabGm4_M8jvCZPe. d 9 @k e@eenu@:  G Signin with Google  Log in with Facebook  Email address  Password  Waiting for bat.bing.com...  fin 1638 P& Type here to search (Oo) [ei lo} nS) . @® AS GO) ES ee) Fis  ,1
screenshot-3.jpg,COMPANY NAME  Username or Email Address  Password  (©) Remember Me  Register | Lost your password?  — Go to WordPress Test Site  Privacy Policy ,1
sMsFf.png,"Email or Phone Password  Sign Up It's free and always will be.  No mobile number?  First name Last name Mobile number Re-enter mobile number  New password  Birthday  ‘Month ¥| Day ¥| Year v Why dolneedtoprovide my  birthday? © Female © Male  By clicking Sign Up, you agree to our Terms and that you have. read our Data Poly, including our Cookie Use.  ",1
tue.png,"x @ Signi x [BM Reden x | @ localh x | ( Front: x | @ Times x | m 90M x Thec x | @ Smart x Home x | ® O1Us x | AB SEPT x | @cantv x) + x  C  @ ststue.nl/adfs/Is/?SAMLRequest=fZLLTsMWEEX3fEXkfZ5NoVhI pdiKUalA1AYWbIDjTIpLjl08d0G%2Fx01 SIAVsx%2FfMnTvjAlknd3Ti7FYt4cUB2uCtkwpp%2F1ASZxTVDAV... 1 vx ame en 0 @:  Canvas {@ Calculator % Detexify M Dictionary OSIRIS @ PlanApp @ iCloud [JJ BookMySpace [Driving Theory cs sep Qseppive 6 OM QO © Bi 1482c0 >» | BM Other bookmarks  EINDHOVEN UNIVERSITY OF TECHNOLOGY  Sign in with your organizational account  Usercode  Password  If you need to change your password, please comply with the TU/e requirements  More information about these requirements can be found here, you may have to login  If you don't know your password and your private emailaddress is known in our management systems, you can ask for a new password here.  =. For more information contact IMS-services: 040- 2472000 for employees or 040-2478888 for students.  15:07 13/06/2022  0 Type here to search ",1
website-user-login-page-template-design-vector-36688761.jpg,Password  EZ Remember me Forgot Password?  ,1
wordpress-custom-login-page.png,TUTORIAL  How to Make a WordPress Custom Login Page  (The EASY Way)  ,1
wordpress-default-login-.png,Username or Email Address  Password  (_) Remember Me  Register | Lost your password? ,1
wordpress-login-page.png,Login  KREKKEKE  ,1
